-- MySQL dump 10.13  Distrib 5.7.22, for Linux (x86_64)
--
-- Host: localhost    Database: disney
-- ------------------------------------------------------
-- Server version	5.7.22-0ubuntu18.04.1

/*!40101 SET @OLD_CHARACTER_SET_CLIENT=@@CHARACTER_SET_CLIENT */;
/*!40101 SET @OLD_CHARACTER_SET_RESULTS=@@CHARACTER_SET_RESULTS */;
/*!40101 SET @OLD_COLLATION_CONNECTION=@@COLLATION_CONNECTION */;
/*!40101 SET NAMES utf8 */;
/*!40103 SET @OLD_TIME_ZONE=@@TIME_ZONE */;
/*!40103 SET TIME_ZONE='+00:00' */;
/*!40014 SET @OLD_UNIQUE_CHECKS=@@UNIQUE_CHECKS, UNIQUE_CHECKS=0 */;
/*!40014 SET @OLD_FOREIGN_KEY_CHECKS=@@FOREIGN_KEY_CHECKS, FOREIGN_KEY_CHECKS=0 */;
/*!40101 SET @OLD_SQL_MODE=@@SQL_MODE, SQL_MODE='NO_AUTO_VALUE_ON_ZERO' */;
/*!40111 SET @OLD_SQL_NOTES=@@SQL_NOTES, SQL_NOTES=0 */;

--
-- Table structure for table `movies`
--

DROP TABLE IF EXISTS `movies`;
/*!40101 SET @saved_cs_client     = @@character_set_client */;
/*!40101 SET character_set_client = utf8 */;
CREATE TABLE `movies` (
  `id` int(11) NOT NULL AUTO_INCREMENT,
  `title` varchar(255) CHARACTER SET utf8 DEFAULT NULL,
  `year` year(4) DEFAULT NULL,
  `duration` varchar(4) COLLATE utf8_unicode_ci DEFAULT NULL,
  `resume` varchar(255) COLLATE utf8_unicode_ci DEFAULT NULL,
  `image` varchar(255) COLLATE utf8_unicode_ci DEFAULT NULL,
  `trailer` varchar(255) COLLATE utf8_unicode_ci DEFAULT NULL,
  `id_users` int(11) DEFAULT NULL,
  PRIMARY KEY (`id`)
) ENGINE=InnoDB AUTO_INCREMENT=40 DEFAULT CHARSET=utf8 COLLATE=utf8_unicode_ci;
/*!40101 SET character_set_client = @saved_cs_client */;

--
-- Dumping data for table `movies`
--

LOCK TABLES `movies` WRITE;
/*!40000 ALTER TABLE `movies` DISABLE KEYS */;
INSERT INTO `movies` VALUES (15,'Le Roi Lion',1994,'1h29','Le fils du roi des animaux vient de naître. Son oncle est jaloux car il aimerait lui aussi régner. Il invente une ruse qui aboutira sur la mort du roi. Le jeune fils, Simba, témoin de la mort de son père, et s\'en croyant responsable, va fuir sa horde','LE_ROI_LION.jpg','https://www.youtube.com/embed/-KfIYw-D4Iw',1),(16,'Hercule',1997,'1h31','Dans la Grèce antique, alors que les fées se penchent sur le berceau d\'Hercule, Hadès, seigneur des enfers apprend que les planètes lui seront favorables dans dix-huit ans. Le seul dieu capable de le tenir en échec sera Hercule !','affiche-hercule-01.jpg','https://www.youtube.com/embed/5jfpDYt1s0c',1),(17,'Star Wars VII : Le Réveil de la force',2015,'2h15','Dans une galaxie lointaine, très lointaine, un nouvel épisode de la saga \"Star Wars\", 30 ans après les événements du \"Retour du Jedi\". ','510Bj1o3H6L._SY450_.jpg','https://www.youtube.com/embed/mH9Ygfs5avo',1),(18,'Pocahontas',1995,'1h22','En l\'an 1607, La belle Pocahontas aura-t-elle le pouvoir d\'éviter la guerre entre les colons anglais et son peuple, les Powhatan, et de sauvegarder ainsi ses amours avec le fringant aventurier John Smith, qui accompagne les colons ?','affiche-pocahontas-legende-indienne-01.jpg','https://www.youtube.com/embed/yQTq1BSChqY',1),(19,'Le livre de la jungle',1967,'1h18','Le retour dans la jungle du tigre Shere Khan inquiète les loups. Le félin mangeur d\'hommes risque de s\'attaquer à Mowgli, l\'enfant qu\'ils ont recueilli et élevé. La panthère Bagheera décide donc de ramener le jeune garçon chez les siens...','jungle.jpg','https://www.youtube.com/embed/kDuqYtMkgwI',1),(20,'Dumbo',1941,'1h04','Dumbo est un éléphant de cirque pourvu d\'oreilles surdimensionnées. Il est la risée de ses congénères jusqu\'au jour où il s\'aperçoit qu\'elles lui permettent de voler.','1941-dumbo-7.jpg','https://www.youtube.com/embed/5-0213jXHBI',1),(21,'A la poursuite de demain',2015,'2h10','Casey Newton, une adolescente férue de sciences, s’embarque avec Frank Walker, autrefois inventeur de génie et un robot du nom d\'Athena dans une périlleuse aventure.  Ils veulent découvrir un lieu mystérieux : Tomorrowland...','demain.jpg','https://www.youtube.com/embed/J7CEtMP2XTE',1),(22,'Pirates des Caraïbes : La malédiction du Black Pearl',2003,'2h23','Petite, Elizabeth Swann a sauvé de la noyade Will Turner après le naufrage de son bateau. Les années ont passé, Will et Elizabeth ont grandi. Will est devenu forgeron à Port Royal, et Elizabeth se prépare à épouser le commodore Norrington.','affiche2.jpg','https://www.youtube.com/embed/IrnQj5p9ieo',1),(23,'Peter et Elliot le dragon',1978,'2h08','Depuis des années, M. Meacham raconte aux enfants de la région la légende d\'un dragon habitant la forêt du Pacifique Nord. Pour sa fille Grace, garde forestier, ces histoires ne sont que des contes pour enfants, jusqu\'au jour où elle rencontre Peter','peter.jpg',NULL,1),(24,'Le monde de Némo',2003,'1h41','Marin mène une existence paisible avec son fils Nemo. Redoutant l\'océan et ses risques imprévisibles, il fait de son mieux pour protéger son fils. Comme tous les petits poissons de son âge, celui-ci rêve pourtant d\'explorer les mystérieux récifs...','nemo.jpg','https://www.youtube.com/embed/HsHo1F-duKU',1),(25,'Kuzco, l\'empereur mégalo',2001,'1h19','Dans un royaume mythique, Kuzco est un jeune empereur aussi capricieux que méprisant. Yzma, son bras droit congédiée, à cause d\'un caprice du jeune empereur, tente de le tuer. Echappant miraculeusement à la mort, Kuzco se retrouve changé en lama.','kuzco.jpg','https://www.youtube.com/embed/BM9hNEX8Jq8',1),(26,'Un amour de coccinelle',1969,'1h47','Jim Douglas est un jeune coureur automobile qui n\'affiche que de médiocres résultats. Un jour, il achète une Coccinelle qu\'il découvre douée de raison. Cette dernière conduit Jim avec une rapidité inouïe et l\'aide à remporter de nombreuses courses','cocci.jpg','https://www.youtube.com/embed/ijhGKEgU-Jg',1),(27,'Peter Pan',1953,'1h16','Wendy devient une grande fille. Aussi passe-t-elle sa derniere nuit dans la nursery avec ses jeunes freres. C\'est cette nuit-la que Peter Pan choisit pour les entrainer dans un grand voyage au pays imaginaire. ','peterpan.jpg','https://www.youtube.com/embed/mZs_n92dLfY',1),(28,'Zootopie',2016,'1h48','Zootopia est une ville qui ne ressemble à aucune autre : seuls les animaux y habitent ! Dans cette incroyable métropole, chaque espèce animale cohabite avec les autres. Qu\'on soit un immense éléphant ou une minuscule souris, tout le monde a sa place.','zoo.jpg','https://www.youtube.com/embed/RTZlzdHuIQQ',1),(29,'Rebelle',2012,'1h35','Dans les landes de l\'Écosse médiévale, Mérida fait la fierté de ses parents mais leur donne également bien du fil à retordre. Cette sauvageonne préfère chevaucher en forêt et s\'adonner au tir à l\'arc que se préparer à être une princesse.','rebelle.jpg','https://www.youtube.com/embed/-DzVEKgwnA0',1),(30,'Atlandite, l\'empire perdu',2001,'1h35','Ce conte animé bourré de séquences d\'action suit les exploits d\'un groupe d\'aventuriers qui voyagent sous la mer jusqu\'au royaume légendaire d\'Atlantis.','atlantide.jpg','https://www.youtube.com/embed/28fS3b2pejo',1),(31,'Mary Poppins',1965,'2h14','La nurse de la famille Banks vient de démissionner. Ces derniers passent alors une annonce tout à fait fantaisiste pour trouver une nouvelle nurse. C\'est Mary Poppins qui répond et apparaît dès le lendemain, portée par le vent d\'est.','marypoppins.jpg','https://www.youtube.com/embed/G6EFQmEFEYE',1),(32,'Les Aristochats',1971,'1h18','Madame de Bonnefamille, millionnaire excentrique, vit seule entourée de ses chats : Duchesse et ses trois petits, Marie, Toulouse et Berlioz. Un jour, elle convie son notaire pour léguer toute sa fortune à ses compagnons à 4 pattes. ','aristochats.jpg','https://www.youtube.com/embed/R7EGq3kQK0I',1),(33,'Raiponce',2010,'1h41','Flynn Rider, le bandit le plus recherché, se réfugie dans une mystérieuse tour, il se retrouve pris en otage par Raiponce, une belle et téméraire jeune fille à l\'impressionnante chevelure de 20 mètres de long, gardée prisonnière par Mère Gothel.','raiponce.jpg','https://www.youtube.com/embed/VYh2Y41uTcA',1),(34,'Vaiana',2016,'1h47','La jeune Vaiana, en navigatrice émérite, décide d’entamer ses recherches pour retrouver une île aussi mystérieuse que fabuleuse. Au cours de cette traversée au long cours, elle va faire équipe avec son idole, le légendaire demi-dieu Maui.','vaiana.jpg','https://www.youtube.com/embed/4tiW79mvX_U',1),(35,'Dans l\'ombre de Mary',2009,'2h05','Lorsque les filles de Walt Disney demandèrent à leur père d\'adapter leur livre préféré, Mary Poppins, à l\'écran, elles ne se doutaient pas qu\'il lui faudrait 20 ans pour honorer sa promesse. ','mary.jpg','https://www.youtube.com/embed/K-hBQ6J2xrY',1),(36,'Le drôle de Noël de Scrooge',2009,'1h36','Scrooge est connu comme l\'un des plus riches et des plus avares marchands de Londres. Ce vieillard solitaire vit dans l\'obsession de ses livres de comptes. Ni la mort de son associé, ni la pauvre condition de son employé n\'ont réussi à l\'émouvoir.','scrooge.jpg','https://www.youtube.com/embed/swYHcYBVddQ',1),(37,'Blanche-Neige et les Sept Nains',1938,'1h23','Blanche Neige est une très jolie princesse. Sa belle-mère sentant qu\'un jour la beauté de Blanche Neige dépasserait la sienne donne l\'ordre à son garde chasse de la tuer. N\'ayant pas le courage d\'exécuter ses ordres, il l\'abandonne dans la forêt.','balnche.jpg','https://www.youtube.com/embed/eyjc8txuG44',1),(38,'Avengers : L\'Ere d\'Ultron',2015,'2h22','Alors qu\'il tente de récupérer le sceptre de Loki avec l\'aide de ses camarades Avengers, Tony Stark découvre que Strucker avait mis au point une intelligence artificielle révolutionnaire, plus puissante encore que Jarvis. Strucker.','avengers.jpg','https://www.youtube.com/embed/CjPh8dyUdC8',1),(39,'Les gardiens de la Galaxie',2014,'2h01','Peter Quill est un aventurier traqué par tous les chasseurs de primes pour avoir volé un mystérieux globe convoité par le puissant Ronan, dont les agissements menacent l\'univers tout entier.','gardiens.jpg','https://www.youtube.com/embed/ry19UYQoAro',7);
/*!40000 ALTER TABLE `movies` ENABLE KEYS */;
UNLOCK TABLES;

--
-- Table structure for table `songs`
--

DROP TABLE IF EXISTS `songs`;
/*!40101 SET @saved_cs_client     = @@character_set_client */;
/*!40101 SET character_set_client = utf8 */;
CREATE TABLE `songs` (
  `id` int(11) NOT NULL AUTO_INCREMENT,
  `title_song` varchar(255) COLLATE utf8_bin DEFAULT NULL,
  `video_song` varchar(255) COLLATE utf8_bin DEFAULT NULL,
  `id_movie` int(11) DEFAULT NULL,
  PRIMARY KEY (`id`)
) ENGINE=InnoDB AUTO_INCREMENT=142 DEFAULT CHARSET=utf8 COLLATE=utf8_bin;
/*!40101 SET character_set_client = @saved_cs_client */;

--
-- Dumping data for table `songs`
--

LOCK TABLES `songs` WRITE;
/*!40000 ALTER TABLE `songs` DISABLE KEYS */;
INSERT INTO `songs` VALUES (1,'Soyez prêtes',NULL,12),(2,'L\'amour brille sous les étoiles','https://www.google.com/url?sa=t&rct=j&q=&esrc=s&source=video&cd=1&cad=rja&uact=8&ved=0ahUKEwjU6I_6q6ncAhUKKlAKHV5uCnUQtwIIKDAA&url=https%3A%2F%2Fwww.youtube.com%2Fwatch%3Fv%3D2isCyeEScoI&usg=AOvVaw2GHYe0_k0e50svg9rSAnLp',12),(7,'L\'histoire de la vie','https://www.google.com/url?sa=t&rct=j&q=&esrc=s&source=video&cd=2&cad=rja&uact=8&ved=0ahUKEwijjcCbq6ncAhULzqQKHfRTAgsQtwIILjAB&url=https%3A%2F%2Fwww.youtube.com%2Fwatch%3Fv%3Dw9u21s1wuok&usg=AOvVaw0WPlvjAiPnb8BXbhZbh8Z-',12),(8,'Hakuna Matata','https://www.google.com/url?sa=t&rct=j&q=&esrc=s&source=video&cd=1&cad=rja&uact=8&ved=0ahUKEwijjcCbq6ncAhULzqQKHfRTAgsQtwIIKDAA&url=https%3A%2F%2Fwww.youtube.com%2Fwatch%3Fv%3Dv34w65U98gI&usg=AOvVaw0PH8R2-s4itjBL6ngcp2cQ',12),(9,'Je voudrais déjà être roi','https://www.google.com/url?sa=t&rct=j&q=&esrc=s&source=video&cd=4&cad=rja&uact=8&ved=0ahUKEwijjcCbq6ncAhULzqQKHfRTAgsQtwIIOjAD&url=https%3A%2F%2Fwww.youtube.com%2Fwatch%3Fv%3DHBwZPozCmGA&usg=AOvVaw3Ds7dxwEqlz8AlmTD-ZXIW',12),(10,'Le monde qui est le mien',NULL,13),(11,'Mon dernier espoir',NULL,13),(12,'Jamais je n\'avouerai','https://www.google.com/url?sa=t&rct=j&q=&esrc=s&source=video&cd=1&cad=rja&uact=8&ved=0ahUKEwj90s3LrqncAhXCJVAKHW1SA8cQtwIIKDAA&url=https%3A%2F%2Fwww.youtube.com%2Fwatch%3Fv%3DIBiNGLT_5nc&usg=AOvVaw1vssWmocxurFmZ_Z6-Kxzr',13),(13,'De zéro en héros','https://www.google.com/url?sa=t&rct=j&q=&esrc=s&source=video&cd=10&cad=rja&uact=8&ved=0ahUKEwj90s3LrqncAhXCJVAKHW1SA8cQtwIIWDAJ&url=https%3A%2F%2Fwww.youtube.com%2Fwatch%3Fv%3DMY0zejx9F8M&usg=AOvVaw1bZsxmrLc-3seuavaLtvQl',13),(14,'Une étoile est née',NULL,13),(15,'Shooting Star',NULL,13),(16,'Sentimentale',NULL,13),(18,'L\'histoire de la vie','https://www.google.com/url?sa=t&rct=j&q=&esrc=s&source=video&cd=2&cad=rja&uact=8&ved=0ahUKEwijjcCbq6ncAhULzqQKHfRTAgsQtwIILjAB&url=https%3A%2F%2Fwww.youtube.com%2Fwatch%3Fv%3Dw9u21s1wuok&usg=AOvVaw0WPlvjAiPnb8BXbhZbh8Z-',15),(19,'Soyez prêtes',NULL,15),(20,'L\'amour brille sous les étoiles','https://www.google.com/url?sa=t&rct=j&q=&esrc=s&source=video&cd=1&cad=rja&uact=8&ved=0ahUKEwjU6I_6q6ncAhUKKlAKHV5uCnUQtwIIKDAA&url=https%3A%2F%2Fwww.youtube.com%2Fwatch%3Fv%3D2isCyeEScoI&usg=AOvVaw2GHYe0_k0e50svg9rSAnLp',15),(21,'Hakuna Matata','https://www.google.com/url?sa=t&rct=j&q=&esrc=s&source=video&cd=1&cad=rja&uact=8&ved=0ahUKEwijjcCbq6ncAhULzqQKHfRTAgsQtwIIKDAA&url=https%3A%2F%2Fwww.youtube.com%2Fwatch%3Fv%3Dv34w65U98gI&usg=AOvVaw0PH8R2-s4itjBL6ngcp2cQ',15),(22,'Je voudrais déjà être roi','https://www.google.com/url?sa=t&rct=j&q=&esrc=s&source=video&cd=4&cad=rja&uact=8&ved=0ahUKEwijjcCbq6ncAhULzqQKHfRTAgsQtwIIOjAD&url=https%3A%2F%2Fwww.youtube.com%2Fwatch%3Fv%3DHBwZPozCmGA&usg=AOvVaw3Ds7dxwEqlz8AlmTD-ZXIW',15),(23,'Le monde qui est le mien',NULL,16),(24,'Mon dernier espoir',NULL,16),(25,'Jamais je n\'avouerai','https://www.google.com/url?sa=t&rct=j&q=&esrc=s&source=video&cd=1&cad=rja&uact=8&ved=0ahUKEwj90s3LrqncAhXCJVAKHW1SA8cQtwIIKDAA&url=https%3A%2F%2Fwww.youtube.com%2Fwatch%3Fv%3DIBiNGLT_5nc&usg=AOvVaw1vssWmocxurFmZ_Z6-Kxzr',16),(26,'De zéro en héros','https://www.google.com/url?sa=t&rct=j&q=&esrc=s&source=video&cd=10&cad=rja&uact=8&ved=0ahUKEwj90s3LrqncAhXCJVAKHW1SA8cQtwIIWDAJ&url=https%3A%2F%2Fwww.youtube.com%2Fwatch%3Fv%3DMY0zejx9F8M&usg=AOvVaw1bZsxmrLc-3seuavaLtvQl',16),(27,'Une étoile est née',NULL,16),(28,'Shooting Star',NULL,16),(29,'Sentimentale',NULL,16),(31,'Au détour de la rivière',NULL,18),(32,'L\'air du vent','https://www.google.com/url?sa=t&rct=j&q=&esrc=s&source=video&cd=1&cad=rja&uact=8&ved=0ahUKEwjRzPmurq3cAhVK3KQKHVhtDUIQtwIIKDAA&url=https%3A%2F%2Fwww.youtube.com%2Fwatch%3Fv%3DOAhCfI5hLjU&usg=AOvVaw1RvMwJ6Wl8ZefKl3fuaLay',18),(33,'Des sauvages','https://www.google.com/url?sa=t&rct=j&q=&esrc=s&source=video&cd=11&cad=rja&uact=8&ved=0ahUKEwjY0NC1rq3cAhVByaQKHSM6Cro4ChC3AggnMAA&url=https%3A%2F%2Fwww.youtube.com%2Fwatch%3Fv%3DxFfX2qVHCaw&usg=AOvVaw3csVrLQyJFci3udjcQFGYA',18),(34,'Au seuil de mon avenir',NULL,18),(35,'Bienvenue à Londres',NULL,18),(36,'La patrouille des éléphants',NULL,19),(37,'Être un homme comme vous','https://www.youtube.com/watch?v=4vaaNyGYj28',19),(38,'Il en faut peu pour être heureux','https://www.youtube.com/watch?v=QprXlfVkpH4',19),(39,'Tes vrais amis',NULL,19),(40,'Voici le messager',NULL,20),(41,'Le train du bonheur',NULL,20),(42,'La livraison à Mme Jumbo',NULL,20),(43,'On doit dresser le chapiteau',NULL,20),(44,'Mon tout petit','https://www.google.com/url?sa=t&rct=j&q=&esrc=s&source=video&cd=2&cad=rja&uact=8&ved=0ahUKEwi2u9nesK3cAhXGzaQKHUOZCFUQtwIIKzAB&url=https%3A%2F%2Fwww.youtube.com%2Fwatch%3Fv%3Dizwiy9nya9s%26vl%3Dfr&usg=AOvVaw3MDTlmti6qtZisBVQYU40y',20),(45,'La marche des éléphants',NULL,20),(46,'Voir voler un éléphant',NULL,20),(48,'Theme song','https://www.youtube.com/watch?v=zcQmM0HjMH8',22),(49,'La maison des collines',NULL,23),(50,'On s\'aime beaucoup',NULL,23),(51,'Un dragon !',NULL,23),(52,'Ce n\'est pas rien','https://www.google.com/url?sa=t&rct=j&q=&esrc=s&source=video&cd=2&cad=rja&uact=8&ved=0ahUKEwiFp8-Ctq3cAhUH3qQKHZwTA_YQtwIILjAB&url=https%3A%2F%2Fwww.youtube.com%2Fwatch%3Fv%3DtChL1XePMuU&usg=AOvVaw2yN5kG9p4UlvNBsdcEfSF8',23),(53,'Docteur Terminus',NULL,23),(54,'Un petit point de lumière',NULL,23),(55,'Y\'a du bonheur',NULL,23),(56,'On va s\'en mettre plein les poches',NULL,23),(57,'Belle journée',NULL,23),(58,'Un acte de vente',NULL,23),(61,'Beyond the sea','www.youtube.com%2Fwatch%3Fv%3DEchU-2S4SwA&usg=AOvVaw2PDu6kFOA1DJpfJJ_XDTws',24),(62,'Un monde parfait','https://www.google.com/url?sa=t&rct=j&q=&esrc=s&source=video&cd=7&cad=rja&uact=8&ved=0ahUKEwistoH1t63cAhUOMuwKHdqkBdEQtwIIQDAG&url=https%3A%2F%2Fwww.youtube.com%2Fwatch%3Fv%3Dxi1gL6qfiys&usg=AOvVaw0kfSQef30hxZ2p20k_xCQ1',25),(63,'Le groove de l\'empereur','https://www.google.com/url?sa=t&rct=j&q=&esrc=s&source=video&cd=1&cad=rja&uact=8&ved=0ahUKEwistoH1t63cAhUOMuwKHdqkBdEQtwIIKDAA&url=https%3A%2F%2Fwww.youtube.com%2Fwatch%3Fv%3Dtgptvuz_jhY&usg=AOvVaw0U6nNcLh6EWRqOsWyNC79t',25),(69,'Tu t\'envoles','https://www.google.com/url?sa=t&rct=j&q=&esrc=s&source=video&cd=1&cad=rja&uact=8&ved=0ahUKEwjelN22ya3cAhUI3KQKHWNCDK8QtwIIKDAA&url=https%3A%2F%2Fwww.youtube.com%2Fwatch%3Fv%3DESXnazfG_us%26vl%3Dfr&usg=AOvVaw0DrELHuzmusj7bJZW7PnsB',27),(70,'A la file indienne','https://www.google.com/url?sa=t&rct=j&q=&esrc=s&source=video&cd=2&cad=rja&uact=8&ved=0ahUKEwjelN22ya3cAhUI3KQKHWNCDK8QtwIILjAB&url=https%3A%2F%2Fwww.youtube.com%2Fwatch%3Fv%3D8w8C9yljufE%26vl%3Dfr&usg=AOvVaw1Su_3wKyBakuiP16CkKrjY',27),(71,'La chanson des pirates',NULL,27),(72,'La chanson des indiens',NULL,27),(74,'Vers le ciel',NULL,29),(75,'Soleil brûlant','https://www.google.com/url?sa=t&rct=j&q=&esrc=s&source=video&cd=2&cad=rja&uact=8&ved=0ahUKEwjM-M39yq3cAhWvsqQKHWDVAfMQtwIILjAB&url=https%3A%2F%2Fwww.youtube.com%2Fwatch%3Fv%3D8O876zv3yVc&usg=AOvVaw0Wn2SwPa3MFOMX7vfetNms',29),(76,'Chanson de Mor\'du',NULL,29),(77,'Je m\'envole','https://www.google.com/url?sa=t&rct=j&q=&esrc=s&source=video&cd=1&cad=rja&uact=8&ved=0ahUKEwjM-M39yq3cAhWvsqQKHWDVAfMQtwIIKDAA&url=https%3A%2F%2Fwww.youtube.com%2Fwatch%3Fv%3DxJ0nProjakE&usg=AOvVaw2K-4J-oR_t9hWh7p0xtB3_',29),(79,'Chem cheminée','https://www.google.com/url?sa=t&rct=j&q=&esrc=s&source=video&cd=8&cad=rja&uact=8&ved=0ahUKEwj-19ffzK3cAhVEM-wKHaunDHwQtwIITzAH&url=https%3A%2F%2Fwww.youtube.com%2Fwatch%3Fv%3DCypNYUO-8f4%26vl%3Dfr&usg=AOvVaw3WKsI-9HMXmQeI2lUPvLAN',31),(80,'Un morceau de sucre','https://www.google.com/url?sa=t&rct=j&q=&esrc=s&source=video&cd=2&cad=rja&uact=8&ved=0ahUKEwj-19ffzK3cAhVEM-wKHaunDHwQtwIILjAB&url=https%3A%2F%2Fwww.youtube.com%2Fwatch%3Fv%3DZZ8Vb5-qs0g%26vl%3Dfr&usg=AOvVaw0zEq5dX1kL7e2nwfnVf8nK',31),(81,'Quelle jolie promenade avec Mary','https://www.google.com/url?sa=t&rct=j&q=&esrc=s&source=video&cd=4&cad=rja&uact=8&ved=0ahUKEwj-19ffzK3cAhVEM-wKHaunDHwQtwIINzAD&url=https%3A%2F%2Fwww.youtube.com%2Fwatch%3Fv%3DeQivH0dS87E%26vl%3Dfr&usg=AOvVaw36c7Tqu0ms8_YlAQYIGI7W',31),(82,'Supercalifragilisticexpialidocious','https://www.google.com/url?sa=t&rct=j&q=&esrc=s&source=video&cd=1&cad=rja&uact=8&ved=0ahUKEwj-19ffzK3cAhVEM-wKHaunDHwQtwIIKDAA&url=https%3A%2F%2Fwww.youtube.com%2Fwatch%3Fv%3D2BduV7k5W-o%26vl%3Dfr&usg=AOvVaw239kXLY-8bSI6-WWA-8U7T',31),(83,'Les aristocats',NULL,32),(84,'Gammes et arpèges',NULL,32),(85,'Thomas O\'Malley','https://www.google.com/url?sa=t&rct=j&q=&esrc=s&source=video&cd=5&cad=rja&uact=8&ved=0ahUKEwi8gNflza3cAhVF-6QKHaIMAqoQtwIIQTAE&url=https%3A%2F%2Fwww.youtube.com%2Fwatch%3Fv%3DS_WYnvqOZIM%26vl%3Dfr&usg=AOvVaw3kgLEQ8g2udE0AakcGgMkL',32),(86,'Tout le monde veut devenir un cat','https://www.google.com/url?sa=t&rct=j&q=&esrc=s&source=video&cd=4&cad=rja&uact=8&ved=0ahUKEwi8gNflza3cAhVF-6QKHaIMAqoQtwIIOzAD&url=https%3A%2F%2Fwww.youtube.com%2Fwatch%3Fv%3D_wji4Sr2IOg&usg=AOvVaw1CvnS4SB-gnEsrsW5Nel6P',32),(87,'She never felt alone',NULL,32),(88,'Où est la vraie vie ?','https://www.google.com/url?sa=t&rct=j&q=&esrc=s&source=video&cd=1&cad=rja&uact=8&ved=0ahUKEwiUrdrLzq3cAhWBzKQKHciYDqcQtwIIKDAA&url=https%3A%2F%2Fwww.youtube.com%2Fwatch%3Fv%3DKoFOaB9c8eI&usg=AOvVaw1npXZXAoPAHJ-qAOIn7JOk',33),(89,'N\'écoute que moi',NULL,33),(90,'J\'ai un rêve','https://www.google.com/url?sa=t&rct=j&q=&esrc=s&source=video&cd=7&cad=rja&uact=8&ved=0ahUKEwj1yMLYzq3cAhUEDewKHfJHA7oQtwIIQzAG&url=https%3A%2F%2Fwww.youtube.com%2Fwatch%3Fv%3D_L8HUELtXBE%26vl%3Dfr&usg=AOvVaw3dMH2yl0_wHAK1MhuyIVIu',33),(91,'Je veux y croire','https://www.google.com/url?sa=t&rct=j&q=&esrc=s&source=video&cd=2&cad=rja&uact=8&ved=0ahUKEwiUrdrLzq3cAhWBzKQKHciYDqcQtwIILjAB&url=https%3A%2F%2Fwww.youtube.com%2Fwatch%3Fv%3Duf-9J5fooFE&usg=AOvVaw0aBW2er3mW6O2AqyoM8fzW',33),(92,'L\'incantation de la guérison',NULL,33),(93,'Les larmes d\'or',NULL,33),(94,'Tulou Tagaloa',NULL,34),(95,'Notre terre','https://www.youtube.com/watch?v=hhfMqMJZT_8&index=3&list=RDE_noyMPbO8w',34),(96,'Le bleu lumière','https://www.youtube.com/watch?v=XEeWwzfB__8',34),(97,'L\'explorateur','https://www.youtube.com/watch?v=3J0Yu5PJ_8U',34),(98,'Pour les hommes','https://www.youtube.com/watch?v=E_noyMPbO8w&start_radio=1&list=RDE_noyMPbO8w',34),(99,'Bling-bling',NULL,34),(100,'Logo te pate',NULL,34),(101,'Je suis Vaiana',NULL,34),(102,'Te fiti',NULL,34),(103,'An innocent warrior',NULL,34),(105,'A Christmas Carol main title',NULL,36),(106,'Scrooge counts money',NULL,36),(107,'Marley\'s ghost visits Scrooge',NULL,36),(108,'The ghost of Christmas past',NULL,36),(109,'Let us see another Christmas',NULL,36),(110,'Flight Waltz',NULL,36),(111,'Another idol has replaced me',NULL,36),(112,'Touch my robe',NULL,36),(113,'The clocktower',NULL,36),(114,'The carriage chase',NULL,36),(115,'Old Joe & Mrs. Dilber',NULL,36),(116,'This dark chamber',NULL,36),(117,'None of us will ever forget',NULL,36),(118,'Who was that lying dead ?',NULL,36),(119,'I\'m still here',NULL,36),(120,'Ride on my good man',NULL,36),(121,'God bless us everyone',NULL,36),(122,'Flight to Fezziwigs',NULL,36),(123,'Je souhaite',NULL,37),(124,'Un sourire en chantant','https://www.google.com/url?sa=t&rct=j&q=&esrc=s&source=video&cd=3&cad=rja&uact=8&ved=0ahUKEwjvnLWhyrDcAhVIMZoKHW41DJEQtwIINDAC&url=https%3A%2F%2Fwww.youtube.com%2Fwatch%3Fv%3DucTwPHYmGYg&usg=AOvVaw1I1wHGwAX6XZHpag32B133',37),(125,'Sifflez en travaillant','https://www.google.com/url?sa=t&rct=j&q=&esrc=s&source=video&cd=5&cad=rja&uact=8&ved=0ahUKEwiS2pSZyrDcAhWDQpoKHfp6CJkQtwIIQDAE&url=https%3A%2F%2Fwww.youtube.com%2Fwatch%3Fv%3DYHU4fXw3a_U&usg=AOvVaw12xt0NcikBGAnDsO-0EZi5',37),(126,'Heigh-Ho','https://www.google.com/url?sa=t&rct=j&q=&esrc=s&source=video&cd=2&cad=rja&uact=8&ved=0ahUKEwiS2pSZyrDcAhWDQpoKHfp6CJkQtwIILjAB&url=https%3A%2F%2Fwww.youtube.com%2Fwatch%3Fv%3DA70xUvyPA_c&usg=AOvVaw2L_qAGZRLD_khjdvBfjL8-',37),(127,'Bluddle-Uddle-Um-Dum',NULL,37),(128,'La tyrolienne des nains',NULL,37),(129,'Un jour mon prince viendra',NULL,37),(130,'Hooked on a feeling','https://www.google.com/url?sa=t&rct=j&q=&esrc=s&source=video&cd=1&cad=rja&uact=8&ved=0ahUKEwjt2K-zqLXcAhWSCuwKHZyTDZkQtwIIKzAA&url=https%3A%2F%2Fwww.youtube.com%2Fwatch%3Fv%3DNrI-UBIB8Jk&usg=AOvVaw1PPBAYlLD7xXd2taI9NL74',39),(131,'Go all the way',NULL,39),(132,'Spirit in the sky',NULL,39),(133,'Moonage daydream',NULL,39),(134,'Fooled around and fell in love',NULL,39),(135,'I\'m not in love',NULL,39),(136,'I want you back',NULL,39),(137,'Come and get your love',NULL,39),(138,'Cherry bomb',NULL,39),(139,'Escape',NULL,39),(140,'O-o-h child',NULL,39),(141,'Ain\'t no moutain high enough',NULL,39);
/*!40000 ALTER TABLE `songs` ENABLE KEYS */;
UNLOCK TABLES;

--
-- Table structure for table `users`
--

DROP TABLE IF EXISTS `users`;
/*!40101 SET @saved_cs_client     = @@character_set_client */;
/*!40101 SET character_set_client = utf8 */;
CREATE TABLE `users` (
  `id` int(11) NOT NULL AUTO_INCREMENT,
  `email` varchar(255) DEFAULT NULL,
  `password` varchar(255) DEFAULT NULL,
  `pseudo` varchar(255) DEFAULT NULL,
  `avatar` varchar(255) DEFAULT NULL,
  PRIMARY KEY (`id`)
) ENGINE=InnoDB AUTO_INCREMENT=8 DEFAULT CHARSET=latin1;
/*!40101 SET character_set_client = @saved_cs_client */;

--
-- Dumping data for table `users`
--

LOCK TABLES `users` WRITE;
/*!40000 ALTER TABLE `users` DISABLE KEYS */;
INSERT INTO `users` VALUES (1,'perrine@wild.fr','admin85','Perrine','14324573_10210690153390404_2859168206847423342_o.jpg'),(3,'mathieu@wild.fr','bobby','Mathieu',NULL),(6,'a@b.c','azerty','Test','fonds-ecran-ile-paradisique-9.jpg'),(7,'quentin.amirault@gmail.com','quentin','Quentin','Mickey_Mouse_head_and_ears.png');
/*!40000 ALTER TABLE `users` ENABLE KEYS */;
UNLOCK TABLES;
/*!40103 SET TIME_ZONE=@OLD_TIME_ZONE */;

/*!40101 SET SQL_MODE=@OLD_SQL_MODE */;
/*!40014 SET FOREIGN_KEY_CHECKS=@OLD_FOREIGN_KEY_CHECKS */;
/*!40014 SET UNIQUE_CHECKS=@OLD_UNIQUE_CHECKS */;
/*!40101 SET CHARACTER_SET_CLIENT=@OLD_CHARACTER_SET_CLIENT */;
/*!40101 SET CHARACTER_SET_RESULTS=@OLD_CHARACTER_SET_RESULTS */;
/*!40101 SET COLLATION_CONNECTION=@OLD_COLLATION_CONNECTION */;
/*!40111 SET SQL_NOTES=@OLD_SQL_NOTES */;

-- Dump completed on 2018-07-24  9:16:30
